id,month_series,month,study,table,cohort,sex,measure,treatment,z,SE,SD,SD_lower,SD_upper,absolute,unit,abs_SD,abs_SD_lower,abs_SD_upper,abs_SE,months_treated_gnrha,age,age_0,n,baseline,baseline_SE,baseline_SD,abs_per,abs_per_SE
1,0,0,Joseph,1,M,M,spine_BMD,GnRHa,0.13,0.30737338856836643,0.972,-0.842,1.1019999999999999,0.867,kg/m^2,0.141,0.726,1.008,0.04458811500837414,33.60000000000001,13,13,10,0.13,NA,NA,1,0.051428044992357716
1,18,18,Joseph,1,M,M,spine_BMD,GnRHa,-0.65,0.3737812194319024,1.182,-1.8319999999999999,0.5319999999999999,0.866,kg/m^2,0.126,0.74,0.992,0.03984469851812158,33.60000000000001,14.5,13,10,0.13,NA,NA,0.9988465974625144,0.045956976376149455
1,34,34,Joseph,1,M,M,spine_BMD,GnRHa,-0.89,0.33994484846810075,1.075,-1.9649999999999999,0.18499999999999994,0.878,kg/m^2,0.13,0.748,1.008,0.04110960958218893,33.60000000000001,15.8,13,10,0.13,NA,NA,1.0126874279123415,0.04741592800713833
77,0,0,Joseph,1,M,M,spine_BMAD,GnRHa,0.486,0.2558282627076219,0.809,-0.32300000000000006,1.295,0.24,g/cm^3,0.027,0.213,0.267,0.008538149682454624,33.60000000000001,13,13,10,0.486,NA,NA,1,0.03557562367689427
77,18,18,Joseph,1,M,M,spine_BMAD,GnRHa,-0.097,0.31622776601683794,1,-1.097,0.903,0.238,g/cm^3,0.029,0.209,0.267,0.0091706052144883,33.60000000000001,14.5,13,10,0.486,NA,NA,0.9916666666666667,0.03821085506036792
77,34,34,Joseph,1,M,M,spine_BMAD,GnRHa,-0.279,0.2940918223956593,0.93,-1.209,0.651,0.24,g/cm^3,0.03,0.21,0.27,0.009486832980505138,33.60000000000001,15.8,13,10,0.486,NA,NA,1,0.03952847075210474
78,0,0,Joseph,1,M,M,hip_BMD,GnRHa,0.45,0.24697388525915043,0.781,-0.331,1.231,0.766,kg/m^2,0.215,0.551,0.981,0.06798896969362014,33.60000000000001,13,13,10,0.781,NA,NA,1,0.08875844607522212
78,18,18,Joseph,1,M,M,hip_BMD,GnRHa,-0.344,0.2378032800446621,0.752,-1.096,0.40800000000000003,0.774,kg/m^2,0.203,0.571,0.9770000000000001,0.0641942365014181,33.60000000000001,14.5,13,10,0.781,NA,NA,1.010443864229765,0.0838044862942795
78,34,34,Joseph,1,M,M,hip_BMD,GnRHa,-0.6,0.3348852042118313,1.059,-1.6589999999999998,0.45899999999999996,0.773,kg/m^2,0.197,0.5760000000000001,0.97,0.06229686990531707,33.60000000000001,15.8,13,10,0.781,NA,NA,1.0091383812010444,0.08132750640380819
33,0,0,Joseph,1,F,F,spine_BMD,GnRHa,-0.715,0.30681435367180526,1.406,-2.121,0.691,0.695,kg/m^2,0.22,0.475,0.9149999999999999,0.04800793585191833,32.39999999999999,12.9,12.9,21,-0.715,NA,NA,1,0.06907616669340767
33,17,17,Joseph,1,F,F,spine_BMD,GnRHa,-1.61,0.31903455552502086,1.462,-3.072,-0.14800000000000013,0.711,kg/m^2,0.205,0.506,0.9159999999999999,0.044734667498378435,32.39999999999999,14.3,12.9,21,-0.715,NA,NA,1.023021582733813,0.06436642805522078
33,32,32,Joseph,1,F,F,spine_BMD,GnRHa,-2,0.30201356008661345,1.384,-3.384,-0.6160000000000001,0.731,kg/m^2,0.209,0.522,0.94,0.04560753905932241,32.39999999999999,15.6,12.9,21,-0.715,NA,NA,1.0517985611510792,0.06562235835873728
79,0,0,Joseph,1,F,F,spine_BMAD,GnRHa,-0.361,0.3140155440495931,1.439,-1.8,1.078,0.195,g/cm^3,0.058,0.137,0.253,0.012656637633687559,32.39999999999999,12.9,12.9,21,-0.361,NA,NA,1,0.06490583401891056
79,17,17,Joseph,1,F,F,spine_BMAD,GnRHa,-1.007,0.29393949814788173,1.347,-2.354,0.3400000000000001,0.195,g/cm^3,0.054,0.14100000000000001,0.249,0.011783766072743588,32.39999999999999,14.3,12.9,21,-0.361,NA,NA,1,0.06042956960381327
79,32,32,Joseph,1,F,F,spine_BMAD,GnRHa,-9.13,0.28761117933103797,1.318,-10.448,-7.812000000000001,0.198,g/cm^3,0.055,0.14300000000000002,0.253,0.012001983962979582,32.39999999999999,15.6,12.9,21,-0.361,NA,NA,1.0153846153846153,0.0615486357075876
80,0,0,Joseph,1,F,F,hip_BMD,GnRHa,-1.075,0.2498594843202113,1.145,-2.2199999999999998,0.07000000000000006,0.766,kg/m^2,0.215,0.551,0.981,0.046916846400738364,32.39999999999999,12.9,12.9,21,-1.075,NA,NA,1,0.06124914673725635
80,17,17,Joseph,1,F,F,hip_BMD,GnRHa,-1.633,0.19617788332215716,0.899,-2.532,-0.734,0.774,kg/m^2,0.203,0.571,0.9770000000000001,0.04429823171790646,32.39999999999999,14.3,12.9,21,-1.075,NA,NA,1.010443864229765,0.05783058971006065
80,32,32,Joseph,1,F,F,hip_BMD,GnRHa,-1.779,0.17806579843256978,0.816,-2.5949999999999998,-0.963,0.773,kg/m^2,0.197,0.5760000000000001,0.97,0.0429889243764905,32.39999999999999,15.6,12.9,21,-1.075,NA,NA,1.0091383812010444,0.0561213111964628
2,0,0,Schagen,2,M_early,M,spine_aBMD,GnRHa,-0.67,0.26,1.0069756700139285,-0.93,-0.41000000000000003,0.73,g/cm^2,0.1161895003862225,0.6138104996137774,0.8461895003862225,0.03,24,14.1,14.1,15,-0.67,NA,NA,1,0.0410958904109589
2,24,24,Schagen,2,M_early,M,spine_aBMD,GnRHa,-1.26,0.24,0.92951600308978,-1.5,-1.02,0.8,g/cm^2,0.1161895003862225,0.6838104996137775,0.9161895003862226,0.03,24,16.1,14.1,15,-0.67,NA,NA,1.0958904109589043,0.0410958904109589
48,0,0,Schagen,4,M_early,M,spine_aBMD,Estrogen,-1.37,0.3,1.161895003862225,-1.6700000000000002,-1.07,0.77,g/cm^2,0.1161895003862225,0.6538104996137775,0.8861895003862226,0.03,21.6,16.2,16.2,15,-0.67,0.26,1.0069756700139285,1,0.03896103896103896
48,36,36,Schagen,4,M_early,M,spine_aBMD,Estrogen,-0.82,0.39,1.5104635050208928,-1.21,-0.42999999999999994,0.95,g/cm^2,0.15491933384829668,0.7950806661517033,1.1049193338482965,0.04,21.6,19.2,16.2,15,-0.67,0.26,1.0069756700139285,1.2337662337662336,0.051948051948051945
4,0,0,Schagen,2,M_early,M,hip_aBMD,GnRHa,-0.49,0.24,0.92951600308978,-0.73,-0.25,0.79,g/m^2,0.1161895003862225,0.6738104996137775,0.9061895003862226,0.03,24,14.1,14.1,15,-0.49,NA,NA,1,0.03797468354430379
4,24,24,Schagen,2,M_early,M,hip_aBMD,GnRHa,-0.93,0.21,0.8133265027035576,-1.1400000000000001,-0.7200000000000001,0.83,g/m^2,0.1161895003862225,0.7138104996137775,0.9461895003862224,0.03,24,16.1,14.1,15,-0.49,NA,NA,1.0506329113924049,0.03797468354430379
49,0,0,Schagen,4,M_early,M,hip_aBMD,Estrogen,-0.99,0.23,0.890786169627706,-1.22,-0.76,0.87,g/m^2,0.1161895003862225,0.7538104996137776,0.9861895003862224,0.03,21.6,16.2,16.2,15,-0.49,0.24,0.92951600308978,1,0.034482758620689655
49,36,36,Schagen,4,M_early,M,hip_aBMD,Estrogen,-0.09,0.28,1.0844353369380768,-0.37,0.19000000000000003,1.02,g/m^2,0.15491933384829668,0.8650806661517033,1.1749193338482966,0.04,21.6,19.2,16.2,15,-0.49,0.24,0.92951600308978,1.1724137931034484,0.04597701149425287
5,0,0,Schagen,2,M_early,M,body_BMD,GnRHa,-0.56,0.24,0.92951600308978,-0.8,-0.32000000000000006,0.88,g/m^2,0.07745966692414834,0.8025403330758517,0.9574596669241483,0.02,24,14.1,14.1,15,-0.56,NA,NA,1,0.022727272727272728
5,24,24,Schagen,2,M_early,M,body_BMD,GnRHa,-1.51,0.2,0.7745966692414834,-1.71,-1.31,0.92,g/m^2,0.07745966692414834,0.8425403330758517,0.9974596669241483,0.02,24,16.1,14.1,15,-0.56,NA,NA,1.0454545454545454,0.022727272727272728
50,0,0,Schagen,4,M_early,M,body_BMD,Estrogen,-1.67,0.23,0.890786169627706,-1.9,-1.44,0.93,g/m^2,0.07745966692414834,0.8525403330758518,1.0074596669241485,0.02,21.6,16.2,16.2,15,-0.56,0.24,0.92951600308978,1,0.02150537634408602
50,36,36,Schagen,4,M_early,M,body_BMD,Estrogen,-1.22,0.28,1.0844353369380768,-1.5,-0.94,1.06,g/m^2,0.232379000772445,0.827620999227555,1.2923790007724452,0.06,21.6,19.2,16.2,15,-0.56,0.24,0.92951600308978,1.1397849462365592,0.06451612903225806
6,0,0,Schagen,2,M_early,M,spine_BMAD,GnRHa,-0.33,0.33,1.2780845042484477,-0.66,0,0.22,g/cm^3,0.03872983346207417,0.18127016653792583,0.2587298334620742,0.01,24,14.1,14.1,15,-0.33,NA,NA,1,0.045454545454545456
6,24,24,Schagen,2,M_early,M,spine_BMAD,GnRHa,-1.19,0.34,1.316814337710522,-1.53,-0.8499999999999999,0.22,g/cm^3,0.03872983346207417,0.18127016653792583,0.2587298334620742,0.01,24,16.1,14.1,15,-0.33,NA,NA,1,0.045454545454545456
51,0,0,Schagen,4,M_early,M,spine_BMAD,Estrogen,-1.39,0.36,1.39427400463467,-1.75,-1.0299999999999998,0.2,g/cm^3,0.30983866769659335,-0.10983866769659334,0.5098386676965934,0.08,21.6,16.2,16.2,15,-0.33,0.33,1.2780845042484477,1,0.39999999999999997
51,36,36,Schagen,4,M_early,M,spine_BMAD,Estrogen,-0.49,0.4,1.5491933384829668,-0.89,-0.08999999999999997,0.24,g/cm^3,0.3485685011586675,-0.10856850115866751,0.5885685011586674,0.09,21.6,19.2,16.2,15,-0.33,0.33,1.2780845042484477,1.2,0.44999999999999996
7,0,0,Schagen,2,M_early,M,hip_BMAD,GnRHa,-0.94,0.27,1.0457055034760028,-1.21,-0.6699999999999999,0.3,g/cm^3,0.03872983346207417,0.26127016653792584,0.33872983346207414,0.01,24,14.1,14.1,15,-0.94,NA,NA,1,0.03333333333333333
7,24,24,Schagen,2,M_early,M,hip_BMAD,GnRHa,-1.23,0.35,1.355544171172596,-1.58,-0.88,0.28,g/cm^3,0.03872983346207417,0.24127016653792585,0.3187298334620742,0.01,24,16.1,14.1,15,-0.94,NA,NA,0.9333333333333335,0.03333333333333333
52,0,0,Schagen,4,M_early,M,hip_BMAD,Estrogen,-0.88,0.23,0.890786169627706,-1.11,-0.65,0.28,g/cm^3,0.03872983346207417,0.24127016653792585,0.3187298334620742,0.01,21.6,16.2,16.2,15,-0.94,0.27,1.0457055034760028,1,0.03571428571428571
52,36,36,Schagen,4,M_early,M,hip_BMAD,Estrogen,-0.35,0.37,1.4330038380967443,-0.72,0.020000000000000018,0.31,g/cm^3,0.07745966692414834,0.23254033307585165,0.38745966692414835,0.02,21.6,19.2,16.2,15,-0.94,0.27,1.0457055034760028,1.107142857142857,0.07142857142857142
57,0,0,Schagen,2,F_early,F,spine_aBMD,GnRHa,-0.28,0.27,2.0204949888579287,-0.55,-0.010000000000000009,0.75,g/cm^2,0.1161895003862225,0.6338104996137774,0.8661895003862226,0.03,24,14.5,14.5,56,-0.28,NA,NA,1,0.04
57,24,24,Schagen,2,F_early,F,spine_aBMD,GnRHa,-1.04,0.26,1.9456618411224496,-1.3,-0.78,0.8,g/cm^2,0.1161895003862225,0.6838104996137775,0.9161895003862226,0.03,24,16.5,14.5,56,-0.28,NA,NA,1.0666666666666667,0.04
58,0,0,Schagen,2,F_early,F,hip_aBMD,GnRHa,0.09,0.26,1.9456618411224496,-0.17,0.35,0.79,g/cm^2,0.22449944320643647,0.5655005567935636,1.0144994432064365,0.03,24,14.5,14.5,56,0.09,NA,NA,1,0.03797468354430379
58,24,24,Schagen,2,F_early,F,hip_aBMD,GnRHa,-0.5,0.24,1.7959955456514918,-0.74,-0.26,0.83,g/cm^2,0.22449944320643647,0.6055005567935635,1.0544994432064365,0.03,24,16.5,14.5,56,0.09,NA,NA,1.0506329113924049,0.03797468354430379
59,0,0,Schagen,2,F_early,F,body_BMD,GnRHa,-0.28,0.27,2.0204949888579287,-0.55,-0.010000000000000009,0.88,g/cm^2,0.14966629547095767,0.7303337045290423,1.0296662954709577,0.02,24,14.5,14.5,56,-0.28,NA,NA,1,0.022727272727272728
59,24,24,Schagen,2,F_early,F,body_BMD,GnRHa,-0.82,0.24,1.7959955456514918,-1.06,-0.58,0.92,g/cm^2,0.14966629547095767,0.7703337045290424,1.0696662954709577,0.02,24,16.5,14.5,56,-0.28,NA,NA,1.0454545454545454,0.022727272727272728
60,0,0,Schagen,2,F_early,F,spine_BMAD,GnRHa,-0.15,0.29,2.170161284328886,-0.43999999999999995,0.13999999999999999,0.22,g/cm^3,0.07483314773547883,0.14516685226452117,0.29483314773547886,0.01,24,14.5,14.5,56,-0.15,NA,NA,1,0.045454545454545456
60,24,24,Schagen,2,F_early,F,spine_BMAD,GnRHa,-0.86,0.3,2.244994432064365,-1.16,-0.56,0.22,g/cm^3,0.07483314773547883,0.14516685226452117,0.29483314773547886,0.01,24,16.5,14.5,56,-0.15,NA,NA,1,0.045454545454545456
61,0,0,Schagen,2,F_early,F,hip_BMAD,GnRHa,-0.23,0.25,1.8708286933869707,-0.48,0.01999999999999999,0.3,g/cm^3,0.07483314773547883,0.22516685226452116,0.3748331477354788,0.01,24,14.5,14.5,56,-0.23,NA,NA,1,0.03333333333333333
61,24,24,Schagen,2,F_early,F,hip_BMAD,GnRHa,-0.94,0.3,2.244994432064365,-1.24,-0.6399999999999999,0.28,g/cm^3,0.07483314773547883,0.2051668522645212,0.35483314773547886,0.01,24,16.5,14.5,56,-0.23,NA,NA,0.9333333333333335,0.03333333333333333
3,0,0,Schagen,2,M_late,M,spine_aBMD,GnRHa,-0.33,0.17,1.02,-0.5,-0.16,0.95,g/cm^2,0.03872983346207417,0.9112701665379258,0.9887298334620741,0.01,24,14.1,14.1,36,-0.33,NA,NA,1,0.010526315789473686
3,24,24,Schagen,2,M_late,M,spine_aBMD,GnRHa,-0.92,0.17,1.02,-1.09,-0.75,0.92,g/cm^2,0.03872983346207417,0.8812701665379259,0.9587298334620742,0.01,24,16.1,14.1,36,-0.33,NA,NA,0.9684210526315791,0.010526315789473686
53,0,0,Schagen,4,M_late,M,spine_aBMD,Estrogen,-0.99,0.19,0.9688137075826291,-1.18,-0.8,0.83,g/cm^2,0.12,0.71,0.95,0.02,21.6,16.2,16.2,26,-0.33,0.17,1.02,1,0.024096385542168676
53,36,36,Schagen,4,M_late,M,spine_aBMD,Estrogen,-1.05,0.25,1.2747548783981961,-1.3,-0.8,0.95,g/cm^2,0.18,0.77,1.13,0.03,21.6,19.2,16.2,26,-0.33,0.17,1.02,1.144578313253012,0.03614457831325301
31,0,0,Schagen,2,M_late,M,hip_aBMD,GnRHa,-0.43,0.16,0.96,-0.59,-0.27,0.93,g/cm^2,0.05099019513592785,0.8790098048640722,0.9809901951359279,0.01,24,14.1,14.1,36,-0.43,NA,NA,1,0.01075268817204301
31,24,24,Schagen,2,M_late,M,hip_aBMD,GnRHa,-1.01,0.15,0.8999999999999999,-1.16,-0.86,0.89,g/cm^2,0.1019803902718557,0.7880196097281443,0.9919803902718557,0.02,24,16.1,14.1,36,-0.43,NA,NA,0.9569892473118279,0.02150537634408602
54,0,0,Schagen,4,M_late,M,hip_aBMD,Estrogen,-0.86,0.14,0.7138627319029899,-1,-0.72,0.88,g/cm^2,0.12,0.76,1,0.02,21.6,16.2,16.2,26,-0.43,0.16,0.96,1,0.022727272727272728
54,36,36,Schagen,4,M_late,M,hip_aBMD,Estrogen,-0.7,0.18,0.9178235124467011,-0.8799999999999999,-0.52,0.96,g/cm^2,0.12,0.84,1.08,0.02,21.6,19.2,16.2,26,-0.43,0.16,0.96,1.0909090909090908,0.022727272727272728
32,0,0,Schagen,2,M_late,M,body_BMD,GnRHa,-0.51,0.16,0.96,-0.67,-0.35,1.03,g/cm^2,0.05099019513592785,0.9790098048640722,1.080990195135928,0.01,24,14.1,14.1,36,-0.51,NA,NA,1,0.009708737864077669
32,24,24,Schagen,2,M_late,M,body_BMD,GnRHa,-1.62,0.15,0.8999999999999999,-1.77,-1.4700000000000002,1.01,g/cm^2,0.05099019513592785,0.9590098048640722,1.060990195135928,0.01,24,16.1,14.1,36,-0.51,NA,NA,0.9805825242718447,0.009708737864077669
55,0,0,Schagen,4,M_late,M,body_BMD,Estrogen,-1.42,0.14,0.7138627319029899,-1.56,-1.2799999999999998,0.96,g/cm^2,0.05099019513592785,0.9090098048640721,1.010990195135928,0.01,21.6,16.2,16.2,26,-0.51,0.16,0.96,1,0.010416666666666668
55,36,36,Schagen,4,M_late,M,body_BMD,Estrogen,-1.48,0.18,0.9178235124467011,-1.66,-1.3,0.98,g/cm^2,0.2039607805437114,0.7760392194562886,1.1839607805437113,0.04,21.6,19.2,16.2,26,-0.51,0.16,0.96,1.0208333333333333,0.04166666666666667
34,0,0,Schagen,2,M_late,M,spine_BMAD,GnRHa,-0.65,0.2,1.2000000000000002,-0.8500000000000001,-0.45,0.2,g/cm^3,0.06,0.14,0.26,0.01,24,14.1,14.1,36,-0.65,NA,NA,1,0.049999999999999996
34,24,24,Schagen,2,M_late,M,spine_BMAD,GnRHa,-1.21,0.22,1.32,-1.43,-0.99,0.21,g/cm^3,0,0.21,0.21,0,24,16.1,14.1,36,-0.65,NA,NA,1.0499999999999998,0
56,0,0,Schagen,4,M_late,M,spine_BMAD,Estrogen,-1.29,0.23,1.1727744881263404,-1.52,-1.06,0.21,g/cm^3,0.25495097567963926,-0.044950975679639266,0.4649509756796393,0.05,21.6,16.2,16.2,26,-0.65,0.2,1.2000000000000002,1,0.2380952380952381
56,36,36,Schagen,4,M_late,M,spine_BMAD,Estrogen,-0.5,0.25,1.2747548783981961,-0.75,-0.25,0.24,g/cm^3,0.30594117081556704,-0.06594117081556705,0.545941170815567,0.06,21.6,19.2,16.2,26,-0.65,0.2,1.2000000000000002,1.1428571428571428,0.2857142857142857
35,0,0,Schagen,2,M_late,M,hip_BMAD,GnRHa,-1.01,0.17,1.02,-1.18,-0.84,0.28,g/cm^3,0.06,0.22000000000000003,0.34,0.01,24,14.1,14.1,36,-1.01,NA,NA,1,0.03571428571428571
35,24,24,Schagen,2,M_late,M,hip_BMAD,GnRHa,-1.56,0.25,1.5,-1.81,-1.31,0.26,g/cm^3,0.06,0.2,0.32,0.01,24,14.1,14.1,36,-1.01,NA,NA,0.9285714285714285,0.03571428571428571
35a,0,0,Schagen,4,M_late,M,hip_BMAD,Estrogen,-1.36,0.2,1.019803902718557,-1.56,-1.1600000000000001,0.27,g/cm^3,0.05099019513592785,0.21900980486407218,0.32099019513592786,0.01,21.6,16.2,16.2,26,-1.01,0.17,1.02,1,0.037037037037037035
35a,36,36,Schagen,4,M_late,M,hip_BMAD,Estrogen,-1.21,0.24,1.2237646832622682,-1.45,-0.97,0.27,g/cm^3,0.05099019513592785,0.21900980486407218,0.32099019513592786,0.01,21.6,19.2,16.2,26,-1.01,0.17,1.02,1,0.037037037037037035
72,0,0,Schagen,4,F_early,F,spine_aBMD,Testosterone,-1.3,0.43,0.9615092303249096,-1.73,-0.8700000000000001,0.82,g/cm^2,0.08944271909999159,0.7305572809000084,0.9094427190999915,0.04,24,16.2,16.2,5,-0.28,0.27,2.0204949888579287,1,0.04878048780487805
72,36,36,Schagen,4,F_early,F,spine_aBMD,Testosterone,0.11,0.58,1.296919426949878,-0.47,0.69,1.02,g/cm^2,0.1565247584249853,0.8634752415750147,1.1765247584249854,0.07,24,19.2,16.2,5,-0.28,0.27,2.0204949888579287,1.2439024390243902,0.08536585365853659
73,0,0,Schagen,4,F_early,F,hip_aBMD,Testosterone,-0.82,0.33,0.7379024325749307,-1.15,-0.48999999999999994,0.83,g/cm^2,0.08944271909999159,0.7405572809000084,0.9194427190999915,0.04,24,16.2,16.2,5,0.09,0.26,1.9456618411224496,1,0.04819277108433735
73,36,36,Schagen,4,F_early,F,hip_aBMD,Testosterone,0.59,0.43,0.9615092303249096,0.15999999999999998,1.02,1.02,g/cm^2,0.1341640786499874,0.8858359213500127,1.1541640786499874,0.06,24,19.2,16.2,5,0.09,0.26,1.9456618411224496,1.2289156626506026,0.07228915662650602
74,0,0,Schagen,4,F_early,F,body_BMD,Testosterone,-1.06,0.32,0.7155417527999327,-1.3800000000000001,-0.74,0.94,g/cm^2,0.0670820393249937,0.8729179606750063,1.0070820393249937,0.03,24,16.2,16.2,5,-0.28,0.27,2.0204949888579287,1,0.031914893617021274
74,36,36,Schagen,4,F_early,F,body_BMD,Testosterone,0.21,0.43,0.9615092303249096,-0.22,0.64,1.11,g/cm^2,0.223606797749979,0.8863932022500212,1.333606797749979,0.1,24,19.2,16.2,5,-0.28,0.27,2.0204949888579287,1.1808510638297873,0.10638297872340427
75,0,0,Schagen,4,F_early,F,spine_BMAD,Testosterone,-1.01,0.49,1.095673308974897,-1.5,-0.52,0.22,g/cm^3,0.022360679774997897,0.1976393202250021,0.2423606797749979,0.01,24,16.2,16.2,5,-0.15,0.29,2.170161284328886,1,0.045454545454545456
75,36,36,Schagen,4,F_early,F,spine_BMAD,Testosterone,0.12,0.51,1.140394668524893,-0.39,0.63,0.26,g/cm^3,0.022360679774997897,0.23763932022500212,0.2823606797749979,0.01,24,19.2,16.2,5,-0.15,0.29,2.170161284328886,1.1818181818181819,0.045454545454545456
76,0,0,Schagen,4,F_early,F,hip_BMAD,Testosterone,-0.71,0.37,0.8273451516749222,-1.08,-0.33999999999999997,0.28,g/cm^3,0.044721359549995794,0.23527864045000424,0.3247213595499958,0.02,24,16.2,16.2,5,-0.23,0.25,1.8708286933869707,1,0.07142857142857142
76,36,36,Schagen,4,F_early,F,hip_BMAD,Testosterone,0.01,0.43,0.9615092303249096,-0.42,0.44,0.32,g/cm^3,0.044721359549995794,0.2752786404500042,0.3647213595499958,0.02,24,19.2,16.2,5,-0.23,0.25,1.8708286933869707,1.1428571428571428,0.07142857142857142
62,0,0,Schagen,2,F_late,F,spine_aBMD,GnRHa,0.38,0.14,0.8515867542417508,0.24,0.52,0.95,g/m^2,0.0608276253029822,0.8891723746970177,1.0108276253029822,0.01,24,14.1,14.1,37,0.38,NA,NA,1,0.010526315789473686
62,24,24,Schagen,2,F_late,F,spine_aBMD,GnRHa,-0.71,0.14,0.8515867542417508,-0.85,-0.57,0.92,g/m^2,0.0608276253029822,0.8591723746970178,0.9808276253029823,0.01,24,16.1,14.1,37,0.38,NA,NA,0.9684210526315791,0.010526315789473686
63,0,0,Schagen,2,F_late,F,hip_aBMD,GnRHa,0.46,0.26,1.581518257877537,0.2,0.72,0.93,g/m^2,0.0608276253029822,0.8691723746970178,0.9908276253029823,0.01,24,14.1,14.1,37,0.46,NA,NA,1,0.01075268817204301
63,24,24,Schagen,2,F_late,F,hip_aBMD,GnRHa,-0.56,0.24,1.4598630072715726,-0.8,-0.32000000000000006,0.89,g/m^2,0.1216552506059644,0.7683447493940356,1.0116552506059644,0.02,24,16.1,14.1,37,0.46,NA,NA,0.9569892473118279,0.02150537634408602
64,0,0,Schagen,2,F_late,F,body_BMD,GnRHa,0.66,0.13,0.7907591289387685,0.53,0.79,1.03,g/m^2,0.0608276253029822,0.9691723746970178,1.0908276253029823,0.01,24,14.1,14.1,37,0.66,NA,NA,1,0.009708737864077669
64,24,24,Schagen,2,F_late,F,body_BMD,GnRHa,-0.4,0.13,0.7907591289387685,-0.53,-0.27,1.01,g/m^2,0.0608276253029822,0.9491723746970178,1.0708276253029823,0.01,24,16.1,14.1,37,0.66,NA,NA,0.9805825242718447,0.009708737864077669
65,0,0,Schagen,2,F_late,F,spine_BMAD,GnRHa,0.33,0.14,0.8515867542417508,0.19,0.47000000000000003,0.25,g/cm^3,0.0608276253029822,0.1891723746970178,0.3108276253029822,0.01,24,14.1,14.1,37,0.33,NA,NA,1,0.04
65,24,24,Schagen,2,F_late,F,spine_BMAD,GnRHa,-0.56,0.17,1.0340696301506973,-0.7300000000000001,-0.39,0.24,g/cm^3,0.0608276253029822,0.1791723746970178,0.3008276253029822,0.01,24,16.1,14.1,37,0.33,NA,NA,0.96,0.04
66,0,0,Schagen,2,F_late,F,hip_BMAD,GnRHa,0.04,0.12,0.7299315036357863,-0.07999999999999999,0.16,0.32,g/cm^3,0.0608276253029822,0.2591723746970178,0.3808276253029822,0.01,24,14.1,14.1,37,0.04,NA,NA,1,0.03125
66,24,24,Schagen,2,F_late,F,hip_BMAD,GnRHa,-0.54,0.18,1.0948972554536793,-0.72,-0.36000000000000004,0.3,g/cm^3,0.0608276253029822,0.2391723746970178,0.3608276253029822,0.01,24,16.1,14.1,37,0.04,NA,NA,0.9375,0.03125
67,0,0,Schagen,4,F_late,F,spine_aBMD,Testosterone,-0.68,0.16,0.9732420048477152,-0.8400000000000001,-0.52,0.9,g/m^2,0.1216552506059644,0.7783447493940356,1.0216552506059644,0.02,24,16.9,16.9,37,0.38,0.14,0.7138627319029899,1,0.022222222222222223
67,36,36,Schagen,4,F_late,F,spine_aBMD,Testosterone,-0.26,0.22,1.3382077566656083,-0.48,-0.04000000000000001,0.99,g/m^2,0.1216552506059644,0.8683447493940356,1.1116552506059645,0.02,24,19.9,16.9,37,0.38,0.14,0.7138627319029899,1.0999999999999999,0.022222222222222223
68,0,0,Schagen,4,F_late,F,hip_aBMD,Testosterone,-0.5,0.12,0.7299315036357863,-0.62,-0.38,0.88,g/m^2,0.1216552506059644,0.7583447493940356,1.0016552506059644,0.02,24,16.9,16.9,37,0.46,0.2,1.2000000000000002,1,0.022727272727272728
68,36,36,Schagen,4,F_late,F,hip_aBMD,Testosterone,0.12,0.16,0.9732420048477152,-0.04000000000000001,0.28,0.96,g/m^2,0.1216552506059644,0.8383447493940356,1.0816552506059645,0.02,24,19.9,16.9,37,0.46,0.2,1.2000000000000002,1.0909090909090908,0.022727272727272728
69,0,0,Schagen,4,F_late,F,body_BMD,Testosterone,-0.3,0.12,0.7299315036357863,-0.42,-0.18,1.02,g/m^2,0.0608276253029822,0.9591723746970178,1.0808276253029823,0.01,24,16.9,16.9,37,0.66,0.23,1.1727744881263404,1,0.00980392156862745
69,36,36,Schagen,4,F_late,F,body_BMD,Testosterone,-0.05,0.16,0.9732420048477152,-0.21000000000000002,0.11,1.1,g/m^2,0.18248287590894657,0.9175171240910536,1.2824828759089466,0.03,24,19.9,16.9,37,0.66,0.23,1.1727744881263404,1.0784313725490198,0.029411764705882353
70,0,0,Schagen,4,F_late,F,spine_BMAD,Testosterone,-0.61,0.18,1.0948972554536793,-0.79,-0.43,0.24,g/cm^3,0.0608276253029822,0.1791723746970178,0.3008276253029822,0.01,24,16.9,16.9,37,0.33,0.17,1.02,1,0.04166666666666667
70,36,36,Schagen,4,F_late,F,spine_BMAD,Testosterone,-0.04,0.18,1.0948972554536793,-0.22,0.13999999999999999,0.26,g/cm^3,0.0608276253029822,0.19917237469701782,0.3208276253029822,0.01,24,19.9,16.9,37,0.33,0.17,1.02,1.0833333333333335,0.04166666666666667
71,0,0,Schagen,4,F_late,F,hip_BMAD,Testosterone,-0.41,0.14,0.8515867542417508,-0.55,-0.26999999999999996,0.3,g/cm^3,0.0608276253029822,0.2391723746970178,0.3608276253029822,0.01,24,16.9,16.9,37,0.04,0.2,1.019803902718557,1,0.03333333333333333
71,36,36,Schagen,4,F_late,F,hip_BMAD,Testosterone,-0.1,0.18,1.0948972554536793,-0.28,0.07999999999999999,0.32,g/cm^3,0.0608276253029822,0.2591723746970178,0.3808276253029822,0.01,24,19.9,16.9,37,0.04,0.2,1.019803902718557,1.0666666666666667,0.03333333333333333
38,0,0,Schagen,3,M,M,spine_aBMD,GnRHa,-0.43,0.705,1.41,-1.8399999999999999,0.98,0.73,g/m^2,0.9,-0.17000000000000004,1.63,0.45,36,12.6,12.6,4,-0.43,NA,NA,1,0.6164383561643836
38,12,12,Schagen,3,M,M,spine_aBMD,GnRHa,-0.92,0.7,1.4,-2.32,0.47999999999999987,0.74,g/m^2,0.1,0.64,0.84,0.05,36,13.6,12.6,4,-0.43,NA,NA,1.0136986301369864,0.06849315068493152
38,24,24,Schagen,3,M,M,spine_aBMD,GnRHa,-1.05,0.655,1.31,-2.3600000000000003,0.26,0.77,g/m^2,0.11,0.66,0.88,0.055,36,14.6,12.6,4,-0.43,NA,NA,1.0547945205479452,0.07534246575342465
38,36,36,Schagen,3,M,M,spine_aBMD,GnRHa,-1.15,0.5,1,-2.15,-0.1499999999999999,0.77,g/m^2,0.11,0.66,0.88,0.055,36,15.6,12.6,4,-0.43,NA,NA,1.0547945205479452,0.07534246575342465
39,0,0,Schagen,3,M,M,hip_aBMD,GnRHa,-0.18,0.25,0.5,-0.6799999999999999,0.32,0.8,g/m^2,0.04,0.76,0.8400000000000001,0.02,36,12.6,12.6,4,-0.18,NA,NA,1,0.024999999999999998
39,12,12,Schagen,3,M,M,hip_aBMD,GnRHa,-0.65,0.17,0.34,-0.99,-0.31,0.82,g/m^2,0.4,0.41999999999999993,1.22,0.2,36,13.6,12.6,4,-0.18,NA,NA,1.025,0.25
39,24,24,Schagen,3,M,M,hip_aBMD,GnRHa,-1.08,0.21,0.42,-1.5,-0.6600000000000001,0.83,g/m^2,0.05,0.7799999999999999,0.88,0.025,36,14.6,12.6,4,-0.18,NA,NA,1.0374999999999999,0.03125
39,36,36,Schagen,3,M,M,hip_aBMD,GnRHa,-1.08,0.21,0.42,-1.5,-0.6600000000000001,0.85,g/m^2,0.06,0.79,0.9099999999999999,0.03,36,15.6,12.6,4,-0.18,NA,NA,1.0625,0.0375
40,0,0,Schagen,3,F,F,spine_aBMD,GnRHa,0.42,0.33666666666666667,1.01,-0.5900000000000001,1.43,NA,NA,NA,NA,NA,NA,36,12.7,12.7,9,0.42,NA,NA,NA,NA
40,12,12,Schagen,3,F,F,spine_aBMD,GnRHa,-0.52,0.26246904579397545,0.83,-1.35,0.30999999999999994,NA,NA,NA,NA,NA,NA,36,13.7,12.7,10,0.42,NA,NA,NA,NA
40,24,24,Schagen,3,F,F,spine_aBMD,GnRHa,-0.35,0.2894508907946531,0.96,-1.31,0.61,NA,NA,NA,NA,NA,NA,36,14.7,12.7,11,0.42,NA,NA,NA,NA
40,36,36,Schagen,3,F,F,spine_aBMD,GnRHa,-0.53,0.23517884877065565,0.78,-1.31,0.25,NA,NA,NA,NA,NA,NA,36,15.7,12.7,11,0.42,NA,NA,NA,NA
40b,0,0,Schagen,3,F,F,spine_aBMD,GnRHa,NA,NA,NA,NA,NA,0.85,g/m^2,0.13,0.72,0.98,0.03919647479510927,36,12.7,12.7,11,NA,NA,NA,1,0.046113499758952084
40b,12,12,Schagen,3,F,F,spine_aBMD,GnRHa,NA,NA,NA,NA,NA,0.88,g/m^2,0.1,0.78,0.98,0.030151134457776365,36,13.7,12.7,11,NA,NA,NA,1.035294117647059,0.035471922891501605
40b,24,24,Schagen,3,F,F,spine_aBMD,GnRHa,NA,NA,NA,NA,NA,0.9,g/m^2,0.11,0.79,1.01,0.033166247903554,36,14.7,12.7,11,NA,NA,NA,1.0588235294117647,0.039019115180651764
40b,36,36,Schagen,3,F,F,spine_aBMD,GnRHa,NA,NA,NA,NA,NA,0.9,g/m^2,0.9,0,1.8,0.2713602101199873,36,15.7,12.7,11,NA,NA,NA,1.0588235294117647,0.3192473060235145
41,0,0,Schagen,3,F,F,hip_aBMD,GnRHa,0.86,0.25102290732122434,0.71,0.15000000000000002,1.5699999999999998,NA,NA,NA,NA,NA,NA,36,12.7,12.7,8,0.86,NA,NA,NA,NA
41,12,12,Schagen,3,F,F,hip_aBMD,GnRHa,0.4,0.25102290732122434,0.71,-0.30999999999999994,1.1099999999999999,NA,NA,NA,NA,NA,NA,36,13.7,12.7,8,0.86,NA,NA,NA,NA
41,24,24,Schagen,3,F,F,hip_aBMD,GnRHa,-0.18,0.22333333333333336,0.67,-0.8500000000000001,0.49000000000000005,NA,NA,NA,NA,NA,NA,36,14.7,12.7,9,0.86,NA,NA,NA,NA
41,36,36,Schagen,3,F,F,hip_aBMD,GnRHa,-0.3,0.2118726032312814,0.67,-0.97,0.37000000000000005,NA,NA,NA,NA,NA,NA,36,15.7,12.7,10,0.86,NA,NA,NA,NA
41b,0,0,Schagen,3,F,F,hip_aBMD,GnRHa,NA,NA,NA,NA,NA,0.88,g/m^2,0.09,0.79,0.97,0.03,36,12.7,12.7,9,NA,NA,NA,1,0.03409090909090909
41b,12,12,Schagen,3,F,F,hip_aBMD,GnRHa,NA,NA,NA,NA,NA,0.88,g/m^2,0.71,0.17000000000000004,1.5899999999999999,0.21407305465021217,36,13.7,12.7,11,NA,NA,NA,1,0.24326483482978656
41b,24,24,Schagen,3,F,F,hip_aBMD,GnRHa,NA,NA,NA,NA,NA,0.87,g/m^2,0.08,0.79,0.95,0.02412090756622109,36,14.7,12.7,11,NA,NA,NA,0.9886363636363636,0.02741012223434215
41b,36,36,Schagen,3,F,F,hip_aBMD,GnRHa,NA,NA,NA,NA,NA,0.88,g/m^2,0.09,0.79,0.97,0.027136021011998725,36,15.7,12.7,11,NA,NA,NA,1,0.030836387513634916
8,0,0,Stoffers,2,F,F,spine_BMD,GnRHa,0.02,0.1270001270001905,1,-0.98,1.02,0.96,g/m^2,0.11,0.85,1.07,0.013970013970020954,8,16.53333333333333,16.53333333333333,62,0.02,0.1270001270001905,1,1,0.014552097885438495
8,8,8,Stoffers,2,F,F,spine_BMD,GnRHa,-0.81,0.1295401295401943,1.02,-1.83,0.20999999999999996,0.9,g/m^2,0.11,0.79,1.01,0.013970013970020954,8,17.2,16.53333333333333,62,0.02,0.1270001270001905,1,0.9375000000000001,0.014552097885438495
8a,8,0,Stoffers,2,F,F,spine_BMD,Testosterone,-0.81,0.1295401295401943,1.02,-1.83,0.20999999999999996,0.9,g/m^2,0.11,0.79,1.01,0.013970013970020954,8,17.2,17.2,62,0.02,0.1270001270001905,1,1,0.015522237744467727
8a,14,6,Stoffers,2,F,F,spine_BMD,Testosterone,-0.67,0.12065012065018096,0.95,-1.62,0.2799999999999999,0.94,g/m^2,0.1,0.84,1.04,0.01270001270001905,8,17.7,17.2,62,0.02,0.1270001270001905,1,1.0444444444444443,0.014111125222243389
8a,20,12,Stoffers,2,F,F,spine_BMD,Testosterone,-0.66,0.13316317971733943,0.81,-1.4700000000000002,0.15000000000000002,0.95,g/m^2,0.09,0.86,1.04,0.014795908857482156,8,18.2,17.2,37,0.02,0.1270001270001905,1,1.0555555555555556,0.01643989873053573
8a,32,24,Stoffers,2,F,F,spine_BMD,Testosterone,-0.74,0.3020927010041785,1.17,-1.91,0.42999999999999994,0.95,g/m^2,0.11,0.84,1.06,0.028401877872187724,8,18.7,17.2,15,0.02,0.1270001270001905,1,1.0555555555555556,0.03155764208020858
9,0,0,Stoffers,2,F,F,left_hip_BMD,GnRHa,-0.19,0.13208013208019811,1.04,-1.23,0.8500000000000001,0.84,g/m^2,0.11,0.73,0.95,0.013970013970020954,8,16.53333333333333,16.53333333333333,62,-0.19,0.13208013208019811,1.04,1,0.016630969011929706
9,8,8,Stoffers,2,F,F,left_hip_BMD,GnRHa,-1.07,0.10795010795016192,0.85,-1.92,-0.22000000000000008,0.76,g/m^2,0.09,0.67,0.85,0.011430011430017144,8,17.2,16.53333333333333,62,-0.19,0.13208013208019811,1.04,0.9047619047619048,0.013607156464306124
9a,8,0,Stoffers,2,F,F,left_hip_BMD,Testosterone,-1.07,0.10795010795016192,0.85,-1.92,-0.22000000000000008,0.76,g/m^2,0.09,0.67,0.85,0.011430011430017144,8,17.2,17.2,62,-0.19,0.13208013208019811,1.04,1,0.015039488723706768
9a,14,6,Stoffers,2,F,F,left_hip_BMD,Testosterone,-0.62,0.14224014224021336,1.12,-1.7400000000000002,0.5000000000000001,0.83,g/m^2,0.12,0.71,0.95,0.01524001524002286,8,17.7,17.2,62,-0.19,0.13208013208019811,1.04,1.0921052631578947,0.020052651631609027
9a,20,12,Stoffers,2,F,F,left_hip_BMD,Testosterone,-0.93,0.1035713620023751,0.63,-1.56,-0.30000000000000004,0.81,g/m^2,0.08,0.7300000000000001,0.89,0.013151918984428584,8,18.2,17.2,37,-0.19,0.13208013208019811,1.04,1.0657894736842106,0.017305156558458663
9a,32,24,Stoffers,2,F,F,left_hip_BMD,Testosterone,-0.2,0.18073922282301277,0.7,-0.8999999999999999,0.49999999999999994,0.86,g/m^2,0.09,0.77,0.95,0.0232379000772445,8,19.2,17.2,15,-0.19,0.13208013208019811,1.04,1.131578947368421,0.03057618431216382
10,0,0,Stoffers,2,F,F,right_hip_BMD,GnRHa,-0.16,0.1270001270001905,1,-1.16,0.84,0.84,g/m^2,0.11,0.73,0.95,0.013970013970020954,8,16.53333333333333,16.53333333333333,62,-0.16,0.1270001270001905,1,1,0.016630969011929706
10,8,8,Stoffers,2,F,F,right_hip_BMD,GnRHa,-0.97,0.1003301003301505,0.79,-1.76,-0.17999999999999994,0.77,g/m^2,0.08,0.6900000000000001,0.85,0.01016001016001524,8,17.2,16.53333333333333,62,-0.16,0.1270001270001905,1,0.9166666666666667,0.012095250190494334
10a,8,0,Stoffers,2,F,F,right_hip_BMD,Testosterone,-0.97,0.1003301003301505,0.79,-1.76,-0.17999999999999994,0.77,g/m^2,0.08,0.6900000000000001,0.85,0.01016001016001524,8,17.2,17.2,62,-0.16,0.1270001270001905,1,1,0.013194818389630181
10a,14,6,Stoffers,2,F,F,right_hip_BMD,Testosterone,-0.54,0.12192012192018288,0.96,-1.5,0.41999999999999993,0.84,g/m^2,0.11,0.73,0.95,0.013970013970020954,8,17.7,17.2,62,-0.16,0.1270001270001905,1,1.0909090909090908,0.0181428752857415
10a,20,12,Stoffers,2,F,F,right_hip_BMD,Testosterone,-0.8,0.11343530124069652,0.69,-1.49,-0.1100000000000001,0.82,g/m^2,0.08,0.74,0.8999999999999999,0.013151918984428584,8,18.2,17.2,37,-0.16,0.1270001270001905,1,1.0649350649350648,0.01708041426549167
10a,32,24,Stoffers,2,F,F,right_hip_BMD,Testosterone,-0.31,0.21688706738761532,0.84,-1.15,0.53,0.85,g/m^2,0.11,0.74,0.96,0.028401877872187724,8,18.7,17.2,15,-0.16,0.1270001270001905,1,1.103896103896104,0.03688555567816587
11,0,0,Carmichael,2,M+F,NA,spine_BMD,GnRHa,-0.3,0.19834459624188455,1.3156692098577336,-1.6156692098577337,1.0156692098577336,NA,NA,NA,NA,NA,NA,12,13.766666666666666,13.766666666666666,44,-0.3,0.19834459624188455,1.3156692098577336,NA,NA
11,12,12,Carmichael,2,M+F,NA,spine_BMD,GnRHa,-1,0.14875844718141346,0.9867519073933004,-1.9867519073933004,-0.013248092606699569,NA,NA,NA,NA,NA,NA,12,14.766666666666666,13.766666666666666,44,-0.3,0.19834459624188455,1.3156692098577336,NA,NA
12,0,0,Carmichael,2,M+F,NA,HAZ_spine_BMD,GnRHa,-0.5,0.173551521711649,1.151210558625517,-1.651210558625517,0.651210558625517,NA,NA,NA,NA,NA,NA,12,13.766666666666666,13.766666666666666,44,-0.5,0.173551521711649,1.151210558625517,NA,NA
12,12,12,Carmichael,2,M+F,NA,HAZ_spine_BMD,GnRHa,-1,0.173551521711649,1.151210558625517,-2.1512105586255172,0.15121055862551702,NA,NA,NA,NA,NA,NA,12,14.766666666666666,13.766666666666666,44,-0.5,0.173551521711649,1.151210558625517,NA,NA
13,0,0,Carmichael,2,M+F,NA,hip_BMD,GnRHa,-0.5,0.1983445962418846,1.3156692098577338,-1.8156692098577338,0.8156692098577338,NA,NA,NA,NA,NA,NA,12,13.766666666666666,13.766666666666666,44,-0.5,0.1983445962418846,1.3156692098577338,NA,NA
13,12,12,Carmichael,2,M+F,NA,hip_BMD,GnRHa,-1,0.173551521711649,1.151210558625517,-2.1512105586255172,0.15121055862551702,NA,NA,NA,NA,NA,NA,12,14.766666666666666,13.766666666666666,44,-0.5,0.1983445962418846,1.3156692098577338,NA,NA
14,0,0,Carmichael,2,M+F,NA,HAZ_hip_BMD,GnRHa,-0.6,0.1983445962418846,1.3156692098577338,-1.9156692098577337,0.7156692098577339,NA,NA,NA,NA,NA,NA,12,13.766666666666666,13.766666666666666,44,-0.6,0.1983445962418846,1.3156692098577338,NA,NA
14,12,12,Carmichael,2,M+F,NA,HAZ_hip_BMD,GnRHa,-0.9,0.1983445962418846,1.3156692098577338,-2.215669209857734,0.4156692098577338,NA,NA,NA,NA,NA,NA,12,14.766666666666666,13.766666666666666,44,-0.6,0.1983445962418846,1.3156692098577338,NA,NA
15,0,0,Carmichael,2,M+F,NA,spine_BMD,GnRHa,-0.5,0.26587290097204025,1.3025058876300404,-1.8025058876300404,0.8025058876300404,NA,NA,NA,NA,NA,NA,24,13.766666666666666,13.766666666666666,24,-0.5,0.26587290097204025,1.3025058876300404,NA,NA
15,24,24,Carmichael,2,M+F,NA,spine_BMD,GnRHa,-1.5,0.3142134284215021,1.5393251399264112,-3.039325139926411,0.03932513992641118,NA,NA,NA,NA,NA,NA,24,15.766666666666666,13.766666666666666,24,-0.5,0.26587290097204025,1.3025058876300404,NA,NA
16,0,0,Carmichael,2,M+F,NA,HAZ_spine_BMD,GnRHa,-0.7,0.2658729009720402,1.3025058876300402,-2.00250588763004,0.6025058876300402,NA,NA,NA,NA,NA,NA,24,13.766666666666666,13.766666666666666,24,-0.7,0.2658729009720402,1.3025058876300402,NA,NA
16,24,24,Carmichael,2,M+F,NA,HAZ_spine_BMD,GnRHa,-1.3,0.29004316469677116,1.4209155137782257,-2.720915513778226,0.12091551377822563,NA,NA,NA,NA,NA,NA,24,15.766666666666666,13.766666666666666,24,-0.7,0.2658729009720402,1.3025058876300402,NA,NA
25,0,0,Carmichael,2,M+F,NA,hip_BMD,GnRHa,-0.5,0.28763687148326555,1.3181177362323493,-1.8181177362323493,0.8181177362323493,NA,NA,NA,NA,NA,NA,24,13.766666666666666,13.766666666666666,21,-0.5,0.28763687148326555,1.3181177362323493,NA,NA
25,24,24,Carmichael,2,M+F,NA,hip_BMD,GnRHa,-1.4,0.26366713219299337,1.2082745915463198,-2.6082745915463197,-0.19172540845368014,NA,NA,NA,NA,NA,NA,24,15.766666666666666,13.766666666666666,21,-0.5,0.28763687148326555,1.3181177362323493,NA,NA
26,0,0,Carmichael,2,M+F,NA,HAZ_hip_BMD,GnRHa,-0.5,0.28763687148326555,1.3181177362323493,-1.8181177362323493,0.8181177362323493,NA,NA,NA,NA,NA,NA,24,13.766666666666666,13.766666666666666,21,-0.5,-0.5,-0.5,NA,NA
26,24,24,Carmichael,2,M+F,NA,HAZ_hip_BMD,GnRHa,-1.2,0.26366713219299337,1.2082745915463198,-2.40827459154632,0.00827459154631982,NA,NA,NA,NA,NA,NA,24,15.766666666666666,13.766666666666666,21,-0.5,-0.5,-0.5,NA,NA
27,0,0,Carmichael,2,M+F,NA,spine_BMD,GnRHa,-0.2,0.36347360014307983,1.259109485315577,-1.459109485315577,1.0591094853155771,NA,NA,NA,NA,NA,NA,36,13.766666666666666,13.766666666666666,12,-0.2,0.36347360014307983,1.259109485315577,NA,NA
27,36,36,Carmichael,2,M+F,NA,spine_BMD,GnRHa,-1.5,0.3180394001251948,1.10172079965113,-2.60172079965113,-0.39827920034887,NA,NA,NA,NA,NA,NA,36,16.766666666666666,13.766666666666666,12,-0.2,0.36347360014307983,1.259109485315577,NA,NA
28,0,0,Carmichael,2,M+F,NA,HAZ_spine_BMD,GnRHa,-0.4,0.34075650013413733,1.1804151424833536,-1.5804151424833535,0.7804151424833535,NA,NA,NA,NA,NA,NA,36,13.766666666666666,13.766666666666666,12,-0.4,0.34075650013413733,1.1804151424833536,NA,NA
28,36,36,Carmichael,2,M+F,NA,HAZ_spine_BMD,GnRHa,-1.3,0.38619070015202234,1.3378038281478009,-2.637803828147801,0.03780382814780081,NA,NA,NA,NA,NA,NA,36,16.766666666666666,13.766666666666666,12,-0.4,0.34075650013413733,1.1804151424833536,NA,NA
29,0,0,Carmichael,2,M+F,NA,hip_BMD,GnRHa,-0.3,0.43162490016990723,1.4951925138122477,-1.7951925138122478,1.1951925138122477,NA,NA,NA,NA,NA,NA,36,13.766666666666666,13.766666666666666,12,-0.3,0.43162490016990723,1.4951925138122477,NA,NA
29,36,36,Carmichael,2,M+F,NA,hip_BMD,GnRHa,-1.1,0.2953223001162523,1.0230264568189062,-2.1230264568189066,-0.07697354318109384,NA,NA,NA,NA,NA,NA,36,16.766666666666666,13.766666666666666,12,-0.3,0.43162490016990723,1.4951925138122477,NA,NA
30,0,0,Carmichael,2,M+F,NA,HAZ_hip_BMD,GnRHa,-0.5,0.45434200017884974,1.5738868566444713,-2.0738868566444713,1.0738868566444713,NA,NA,NA,NA,NA,NA,36,13.766666666666666,13.766666666666666,12,-0.5,0.45434200017884974,1.5738868566444713,NA,NA
30,36,36,Carmichael,2,M+F,NA,HAZ_hip_BMD,GnRHa,-1,0.36347360014307983,1.259109485315577,-2.259109485315577,0.2591094853155771,NA,NA,NA,NA,NA,NA,36,16.766666666666666,13.766666666666666,12,-0.5,0.45434200017884974,1.5738868566444713,NA,NA
72,0,0,Carmichael,2,M+F,NA,spine_BMC,GnRHa,NA,NA,NA,NA,NA,39.6,NA,12.033812621151279,27.566187378848724,51.63381262115128,1.8568576002597443,12,13.766666666666666,13.766666666666666,42,NA,NA,NA,1,0.046890343440902635
72,12,12,Carmichael,2,M+F,NA,spine_BMC,GnRHa,NA,NA,NA,NA,NA,41.2,NA,9.627050096921023,31.572949903078978,50.82705009692103,1.4854860802077954,12,14.766666666666666,13.766666666666666,42,NA,NA,NA,1.0404040404040404,0.037512274752722105
73,0,0,Carmichael,2,M+F,NA,spine_BMD,GnRHa,NA,NA,NA,NA,NA,0.76,g/m^2,0.14622040979880907,0.6137795902011909,0.9062204097988091,0.02229840344776596,12,13.766666666666666,13.766666666666666,43,NA,NA,NA,1,0.02934000453653416
73,12,12,Carmichael,2,M+F,NA,spine_BMD,GnRHa,NA,NA,NA,NA,NA,0.77,g/m^2,0.14622040979880907,0.6237795902011909,0.9162204097988091,0.02229840344776596,12,14.766666666666666,13.766666666666666,43,NA,NA,NA,1.013157894736842,0.02934000453653416
74,0,0,Carmichael,2,M+F,NA,hip_BMC,GnRHa,NA,NA,NA,NA,NA,25.5,NA,6.47823236720561,19.02176763279439,31.97823236720561,1.0373473888809936,12,13.766666666666666,13.766666666666666,39,NA,NA,NA,1,0.040680289760038964
74,12,12,Carmichael,2,M+F,NA,hip_BMC,GnRHa,NA,NA,NA,NA,NA,26.1,NA,5.3985269726713385,20.701473027328664,31.49852697267134,0.8644561574008275,12,14.766666666666666,13.766666666666666,39,NA,NA,NA,1.023529411764706,0.033900241466699114
75,0,0,Carmichael,2,M+F,NA,hip_BMD,GnRHa,NA,NA,NA,NA,NA,0.81,g/m^2,0.1850923533487316,0.6249076466512684,0.9950923533487317,0.029638496825171227,12,13.766666666666666,13.766666666666666,39,NA,NA,NA,1,0.036590736821199045
75,12,12,Carmichael,2,M+F,NA,hip_BMD,GnRHa,NA,NA,NA,NA,NA,0.82,g/m^2,0.12339490223248767,0.6966050977675122,0.9433949022324877,0.019758997883447475,12,14.766666666666666,13.766666666666666,39,NA,NA,NA,1.0123456790123455,0.02439382454746602
76,0,0,Carmichael,2,M+F,NA,spine_BMC,GnRHa,NA,NA,NA,NA,NA,34.1,NA,8.999131587262093,25.10086841273791,43.09913158726209,1.83694004307955,24,13.766666666666666,13.766666666666666,24,NA,NA,NA,1,0.0538692094744736
76,24,24,Carmichael,2,M+F,NA,spine_BMC,GnRHa,NA,NA,NA,NA,NA,40.1,NA,8.05185457807661,32.048145421923394,48.15185457807661,1.6435779332817027,24,15.766666666666666,13.766666666666666,24,NA,NA,NA,1.1759530791788857,0.048198766371897434
77,0,0,Carmichael,2,M+F,NA,spine_BMD,GnRHa,NA,NA,NA,NA,NA,0.68,g/m^2,0.13025058876300402,0.549749411236996,0.810250588763004,0.026587290097204022,24,13.766666666666666,13.766666666666666,24,NA,NA,NA,1,0.03909895602530003
77,24,24,Carmichael,2,M+F,NA,spine_BMD,GnRHa,NA,NA,NA,NA,NA,0.73,g/m^2,0.11840962614818544,0.6115903738518146,0.8484096261481854,0.024170263724730922,24,15.766666666666666,13.766666666666666,24,NA,NA,NA,1.0735294117647058,0.03554450547754547
78,0,0,Carmichael,2,M+F,NA,hip_BMC,GnRHa,NA,NA,NA,NA,NA,23.9,NA,6.089651010753679,17.81034898924632,29.989651010753676,1.2983179578483515,24,13.766666666666666,13.766666666666666,22,NA,NA,NA,1,0.05432292710662559
78,24,24,Carmichael,2,M+F,NA,hip_BMC,GnRHa,NA,NA,NA,NA,NA,26.3,NA,5.074709175628064,21.22529082437194,31.374709175628062,1.0819316315402925,24,15.766666666666666,13.766666666666666,22,NA,NA,NA,1.100418410041841,0.045269105922187976
79,0,0,Carmichael,2,M+F,NA,hip_BMD,GnRHa,NA,NA,NA,NA,NA,0.76,g/m^2,0.19171123552372674,0.5682887644762733,0.9517112355237267,0.04087297274707769,24,13.766666666666666,13.766666666666666,22,NA,NA,NA,1,0.05378022729878643
79,24,24,Carmichael,2,M+F,NA,hip_BMD,GnRHa,NA,NA,NA,NA,NA,0.79,g/m^2,0.11277131501395694,0.677228684986043,0.902771315013957,0.024042925145339827,24,15.766666666666666,13.766666666666666,22,NA,NA,NA,1.0394736842105263,0.03163542782281556
80,0,0,Carmichael,2,M+F,NA,spine_BMC,GnRHa,NA,NA,NA,NA,NA,37.05,NA,9.522015482699052,27.527984517300943,46.57201548269905,2.748769101082041,36,13.766666666666666,13.766666666666666,12,NA,NA,NA,1,0.07419079894958276
80,36,36,Carmichael,2,M+F,NA,spine_BMC,GnRHa,NA,NA,NA,NA,NA,42.4,NA,7.869434283222357,34.530565716777645,50.26943428322235,2.271710000894249,36,16.766666666666666,13.766666666666666,12,NA,NA,NA,1.144399460188934,0.06131470987568823
81,0,0,Carmichael,2,M+F,NA,spine_BMD,GnRHa,NA,NA,NA,NA,NA,0.72,g/m^2,0.11804151424833535,0.6019584857516647,0.8380415142483353,0.034075650013413734,36,13.766666666666666,13.766666666666666,12,NA,NA,NA,1,0.047327291685296854
81,36,36,Carmichael,2,M+F,NA,spine_BMD,GnRHa,NA,NA,NA,NA,NA,0.76,g/m^2,0.09443321139866828,0.6655667886013317,0.8544332113986683,0.027260520010730985,36,16.766666666666666,13.766666666666666,12,NA,NA,NA,1.0555555555555556,0.03786183334823748
82,0,0,Carmichael,2,M+F,NA,hip_BMC,GnRHa,NA,NA,NA,NA,NA,26.1,NA,6.295547426577885,19.804452573422118,32.395547426577885,1.817368000715399,36,13.766666666666666,13.766666666666666,12,NA,NA,NA,1,0.06963095788181604
82,36,36,Carmichael,2,M+F,NA,hip_BMC,GnRHa,NA,NA,NA,NA,NA,26.8,NA,8.735072054376815,18.064927945623186,35.53507205437681,2.5215981009926156,36,16.766666666666666,13.766666666666666,12,NA,NA,NA,1.0268199233716475,0.09661295406101975
83,0,0,Carmichael,2,M+F,NA,hip_BMD,GnRHa,NA,NA,NA,NA,NA,0.82,g/m^2,0.14164981709800245,0.6783501829019976,0.9616498170980023,0.04089078001609649,36,13.766666666666666,13.766666666666666,12,NA,NA,NA,1,0.04986680489767865
83,36,36,Carmichael,2,M+F,NA,hip_BMD,GnRHa,NA,NA,NA,NA,NA,0.81,g/m^2,0.11017207996511301,0.699827920034887,0.9201720799651131,0.03180394001251949,36,16.766666666666666,13.766666666666666,12,NA,NA,NA,0.9878048780487806,0.0387852926981945
17,0,0,Klink,2,M,M,spine_BMAD,GnRHa,-0.44,0.3175426480542942,1.1,-1.54,0.6600000000000001,NA,NA,NA,NA,NA,NA,20.400000000000013,14.9,14.9,12,-0.44,0.3175426480542942,1.1,NA,NA
17,20,20,Klink,2,M,M,spine_BMAD,GnRHa,-0.9,0.2138089935299395,0.8,-1.7000000000000002,-0.09999999999999998,NA,NA,NA,NA,NA,NA,20.400000000000013,16.6,14.9,14,-0.44,0.3175426480542942,1.1,NA,NA
17a,0,0,Klink,2,M,M,spine_BMAD,GnRHa,NA,NA,NA,NA,NA,0.22,g/cm^3,0.03,0.19,0.25,0.009045340337332909,20.400000000000013,14.9,14.9,11,NA,NA,NA,1,0.04111518335151322
17a,20,20,Klink,2,M,M,spine_BMAD,GnRHa,NA,NA,NA,NA,NA,0.22,g/cm^3,0.02,0.2,0.24,0.005547001962252292,20.400000000000013,16.6,14.9,13,NA,NA,NA,1,0.025213645282964964
17b,20,0,Klink,2,M,M,spine_BMAD,Estrogen,-0.9,0.2138089935299395,0.8,-1.7000000000000002,-0.09999999999999998,NA,NA,NA,NA,NA,NA,20.400000000000013,16.6,16.6,14,-0.44,0.3175426480542942,1.1,NA,NA
17b,41,21,Klink,2,M,M,spine_BMAD,Estrogen,-0.78,0.2752790791697971,1.03,-1.81,0.25,NA,NA,NA,NA,NA,NA,20.400000000000013,22.1,16.6,14,-0.44,0.3175426480542942,1.1,NA,NA
17c,20,0,Klink,2,M,M,spine_BMAD,Estrogen,NA,NA,NA,NA,NA,0.22,g/cm^3,0.02,0.2,0.24,0.005547001962252292,20.400000000000013,16.6,16.6,13,NA,NA,NA,1,0.025213645282964964
17c,41,21,Klink,2,M,M,spine_BMAD,Estrogen,NA,NA,NA,NA,NA,0.23,g/cm^3,0.03,0.2,0.26,0.008320502943378437,20.400000000000013,22.1,16.6,13,NA,NA,NA,1.0454545454545454,0.03782046792444744
18,0,0,Klink,2,M,M,spine_aBMD,GnRHa,-0.77,0.26834509667420964,0.89,-1.6600000000000001,0.12,NA,NA,NA,NA,NA,NA,20.400000000000013,14.9,14.9,11,-0.77,0.26834509667420964,0.89,NA,NA
18,20,20,Klink,2,M,M,spine_aBMD,GnRHa,-1.01,0.2718030961503623,0.98,-1.99,-0.030000000000000027,NA,NA,NA,NA,NA,NA,20.400000000000013,16.6,14.9,13,-0.77,0.26834509667420964,0.89,NA,NA
18a,0,0,Klink,2,M,M,spine_aBMD,GnRHa,NA,NA,NA,NA,NA,0.84,g/m^2,0.13,0.71,0.97,0.03752776749732568,20.400000000000013,14.9,14.9,12,NA,NA,NA,1,0.04467591368729248
18a,20,20,Klink,2,M,M,spine_aBMD,GnRHa,NA,NA,NA,NA,NA,0.84,g/m^2,0.11,0.73,0.95,0.028401877872187724,20.400000000000013,16.6,14.9,15,NA,NA,NA,1,0.03381175937165205
18b,20,0,Klink,2,M,M,spine_aBMD,Estrogen,-1.01,0.2718030961503623,0.98,-1.99,-0.030000000000000027,NA,NA,NA,NA,NA,NA,20.400000000000013,16.6,16.6,13,-0.77,0.26834509667420964,0.89,NA,NA
18b,41,21,Klink,2,M,M,spine_aBMD,Estrogen,-1.36,0.23020058143347008,0.83,-2.19,-0.5300000000000001,NA,NA,NA,NA,NA,NA,20.400000000000013,22.1,16.6,13,-0.77,0.26834509667420964,0.89,NA,NA
18c,20,0,Klink,2,M,M,spine_aBMD,Estrogen,NA,NA,NA,NA,NA,0.84,g/m^2,0.11,0.73,0.95,0.028401877872187724,20.400000000000013,16.6,16.6,15,NA,NA,NA,1,0.03381175937165205
18c,41,21,Klink,2,M,M,spine_aBMD,Estrogen,NA,NA,NA,NA,NA,0.93,g/m^2,0.1,0.8300000000000001,1.03,0.025819888974716113,20.400000000000013,22.1,16.6,15,NA,NA,NA,1.1071428571428572,0.03073796306513823
19,0,0,Klink,2,M,M,hip_BMAD,GnRHa,-0.93,0.3678438403848716,1.22,-2.15,0.2899999999999999,NA,NA,NA,NA,NA,NA,20.400000000000013,14.9,14.9,11,-0.93,0.3678438403848716,1.22,NA,NA
19,20,20,Klink,2,M,M,hip_BMAD,GnRHa,-1.57,0.550236312869298,1.74,-3.31,0.16999999999999993,NA,NA,NA,NA,NA,NA,20.400000000000013,16.6,14.9,10,-0.93,0.3678438403848716,1.22,NA,NA
19a,0,0,Klink,2,M,M,hip_BMAD,GnRHa,NA,NA,NA,NA,NA,0.28,g/cm^3,0.04,0.24000000000000002,0.32,0.011547005383792516,20.400000000000013,14.9,14.9,12,NA,NA,NA,1,0.041239304942116126
19a,20,20,Klink,2,M,M,hip_BMAD,GnRHa,NA,NA,NA,NA,NA,0.26,g/cm^3,0.04,0.22,0.3,0.010690449676496976,20.400000000000013,16.6,14.9,14,NA,NA,NA,0.9285714285714285,0.038180177416060626
19b,20,0,Klink,2,M,M,hip_BMAD,Estrogen,NA,NA,NA,NA,NA,0.26,g/cm^3,0.04,0.22,0.3,0.010690449676496976,20.400000000000013,16.6,16.6,14,NA,NA,NA,1,0.04111711414037298
19b,41,21,Klink,2,M,M,hip_BMAD,Estrogen,NA,NA,NA,NA,NA,0.28,g/cm^3,0.05,0.23000000000000004,0.33,0.01336306209562122,20.400000000000013,22.1,16.6,14,NA,NA,NA,1.076923076923077,0.051396392675466224
20,0,0,Klink,2,M,M,hip_aBMD,GnRHa,-0.66,0.29103264421710495,0.77,-1.4300000000000002,0.10999999999999999,NA,NA,NA,NA,NA,NA,20.400000000000013,14.9,14.9,7,-0.66,0.29103264421710495,0.77,NA,NA
20,20,20,Klink,2,M,M,hip_aBMD,GnRHa,-0.95,0.18995214708399108,0.63,-1.58,-0.31999999999999995,NA,NA,NA,NA,NA,NA,20.400000000000013,16.6,14.9,11,-0.66,0.29103264421710495,0.77,NA,NA
20a,0,0,Klink,2,M,M,hip_aBMD,GnRHa,NA,NA,NA,NA,NA,0.88,g/m^2,0.12,0.76,1,0.03207134902949092,20.400000000000013,14.9,14.9,14,NA,NA,NA,1,0.03644471480623968
20a,20,20,Klink,2,M,M,hip_aBMD,GnRHa,NA,NA,NA,NA,NA,0.87,g/m^2,0.08,0.79,0.95,0.02065591117977289,20.400000000000013,16.6,14.9,15,NA,NA,NA,0.9886363636363636,0.02347262634065101
20b,20,0,Klink,2,M,M,hip_aBMD,Estrogen,-0.95,0.18995214708399108,0.63,-1.58,-0.31999999999999995,NA,NA,NA,NA,NA,NA,20.400000000000013,16.6,16.6,11,-0.66,0.29103264421710495,0.77,NA,NA
20b,86,66,Klink,2,M,M,hip_aBMD,Estrogen,-0.69,0.22311839498754507,0.74,-1.43,0.050000000000000044,NA,NA,NA,NA,NA,NA,20.400000000000013,22.1,16.6,11,-0.66,0.29103264421710495,0.77,NA,NA
20c,20,0,Klink,2,M,M,hip_aBMD,Estrogen,NA,NA,NA,NA,NA,0.87,g/m^2,0.08,0.79,0.95,0.02065591117977289,20.400000000000013,16.6,16.6,15,NA,NA,NA,1,0.023742426643417115
20c,86,66,Klink,2,M,M,hip_aBMD,Estrogen,NA,NA,NA,NA,NA,0.94,g/m^2,0.11,0.83,1.05,0.028401877872187724,20.400000000000013,22.1,16.6,15,NA,NA,NA,1.0804597701149425,0.032645836634698534
21,0,0,Klink,2,F,F,spine_BMAD,GnRHa,0.28,0.2064741604835056,0.9,-0.62,1.1800000000000002,0.25,g/cm^3,0.03,0.22,0.28,0.006882472016116852,16.799999999999983,15,15,19,0.28,0.2064741604835056,0.9,1,0.02752988806446741
21,17,17,Klink,2,F,F,spine_BMAD,GnRHa,-0.5,0.185826744435155,0.81,-1.31,0.31000000000000005,0.24,g/cm^3,0.02,0.22,0.26,0.004588314677411235,16.799999999999983,16.4,15,19,0.28,0.2064741604835056,0.9,0.96,0.01835325870964494
21a,17,0,Klink,2,F,F,spine_BMAD,Testosterone,-0.5,0.185826744435155,0.81,-1.31,0.31000000000000005,0.24,g/cm^3,0.02,0.22,0.26,0.004588314677411235,16.799999999999983,16.4,16.4,19,0.28,0.2064741604835056,0.9,1,0.019117977822546813
21a,34,17,Klink,2,F,F,spine_BMAD,Testosterone,-0.033,0.21794494717703364,0.95,-0.983,0.9169999999999999,0.25,g/cm^3,0.28,-0.030000000000000027,0.53,0.0642364054837573,16.799999999999983,21.9,16.4,19,0.28,0.2064741604835056,0.9,1.0416666666666667,0.2676516895156554
22,0,0,Klink,2,F,F,spine_aBMD,GnRHa,0.17,0.27071056596726284,1.18,-1.01,1.3499999999999999,0.95,g/m^2,0.12,0.83,1.0699999999999998,0.02752988806446741,16.799999999999983,15,15,19,0.17,0.27071056596726284,1.18,1,0.028978829541544644
22,17,17,Klink,2,F,F,spine_aBMD,GnRHa,-0.72,0.22712157653185613,0.99,-1.71,0.27,0.91,g/m^2,0.1,0.81,1.01,0.022941573387056175,16.799999999999983,16.4,15,19,0.17,0.27071056596726284,1.18,0.9578947368421054,0.02414902461795387
22a,17,0,Klink,2,F,F,spine_aBMD,Testosterone,-0.72,0.22712157653185613,0.99,-1.71,0.27,0.91,g/m^2,0.1,0.81,1.01,0.022941573387056175,16.799999999999983,16.4,16.4,19,0.17,0.27071056596726284,1.18,1,0.025210520205556235
22a,34,17,Klink,2,F,F,spine_aBMD,Testosterone,-0.33,0.2569456219350292,1.12,-1.4500000000000002,0.79,0.99,g/m^2,0.13,0.86,1.12,0.029824045403173027,16.799999999999983,21.9,16.4,19,0.17,0.27071056596726284,1.18,1.0879120879120878,0.032773676267223106
23,0,0,Klink,2,F,F,hip_BMAD,GnRHa,0.01,0.1649915822768611,0.7,-0.69,0.71,NA,NA,NA,NA,NA,NA,16.799999999999983,15,15,18,0.01,NA,NA,NA,NA
23,17,17,Klink,2,F,F,hip_BMAD,GnRHa,-0.28,0.17441967269268174,0.74,-1.02,0.45999999999999996,NA,NA,NA,NA,NA,NA,16.799999999999983,16.4,15,18,0.01,NA,NA,NA,NA
23a,0,0,Klink,2,F,F,hip_BMAD,GnRHa,NA,NA,NA,NA,NA,0.32,g/cm^3,0.04,0.28,0.36,0.009428090415820635,16.799999999999983,15,15,18,NA,NA,NA,1,0.029462782549439483
23a,17,17,Klink,2,F,F,hip_BMAD,GnRHa,NA,NA,NA,NA,NA,0.31,g/cm^3,0.04,0.27,0.35,0.00917662935482247,16.799999999999983,16.4,15,19,NA,NA,NA,0.96875,0.028676966733820218
23b,17,0,Klink,2,F,F,hip_BMAD,Testosterone,NA,NA,NA,NA,NA,0.31,g/cm^3,0.04,0.27,0.35,0.00917662935482247,16.799999999999983,16.4,16.4,19,NA,NA,NA,1,0.029602030176846678
23b,34,17,Klink,2,F,F,hip_BMAD,Testosterone,NA,NA,NA,NA,NA,0.33,g/cm^3,0.05,0.28,0.38,0.011470786693528088,16.799999999999983,21.9,16.4,19,NA,NA,NA,1.0645161290322582,0.03700253772105835
24,0,0,Klink,2,F,F,hip_aBMD,GnRHa,0.36,0.20188584580609434,0.88,-0.52,1.24,NA,NA,NA,NA,NA,NA,16.799999999999983,15,15,19,0.36,0.20188584580609434,0.88,NA,NA
24,17,17,Klink,2,F,F,hip_aBMD,GnRHa,-0.35,0.1812384297577438,0.79,-1.1400000000000001,0.44000000000000006,NA,NA,NA,NA,NA,NA,16.799999999999983,16.4,15,19,0.36,0.20188584580609434,0.88,NA,NA
24a,0,0,Klink,2,F,F,hip_aBMD,GnRHa,NA,NA,NA,NA,NA,0.92,g/m^2,0.1,0.8200000000000001,1.02,0.023570226039551587,16.799999999999983,15,15,18,NA,NA,NA,1,0.025619810912556072
24a,17,17,Klink,2,F,F,hip_aBMD,GnRHa,NA,NA,NA,NA,NA,0.88,g/m^2,0.09,0.79,0.97,0.020647416048350554,16.799999999999983,16.4,15,19,NA,NA,NA,0.9565217391304347,0.02244284353081582
24b,17,0,Klink,2,F,F,hip_aBMD,Testosterone,-0.35,0.1975,0.79,-1.1400000000000001,0.44000000000000006,0.88,g/m^2,0.09,0.79,0.97,0.0225,16.799999999999983,16.4,16.4,16,0.36,0.20188584580609434,0.88,1,0.025568181818181816
24b,34,17,Klink,2,F,F,hip_aBMD,Testosterone,-0.35,0.185,0.74,-1.0899999999999999,0.39,0.95,g/m^2,0.1,0.85,1.05,0.025,16.799999999999983,21.9,16.4,16,0.36,0.20188584580609434,0.88,1.0795454545454546,0.02840909090909091
36,0,0,Vlot,2,F_young,F,hip_BMAD,GnRHa,-0.01,0.17471584072430293,0.5525,-0.5625,0.5425,0.31,g/cm^3,0.024999999999999994,0.28500000000000003,0.33499999999999996,0.007905694150420946,14.4,15.1,15.1,10,-0.01,0.17471584072430293,0.5525,1,0.025502239194906278
36,14,14,Vlot,2,F_young,F,hip_BMAD,GnRHa,-0.37,0.21740658913657607,0.6875,-1.0575,0.3175,0.3,g/cm^3,0.032499999999999994,0.2675,0.33249999999999996,0.01027740239554723,14.400000000000013,16.3,15.1,10,-0.01,0.17471584072430293,0.5525,0.9677419354838709,0.03315291095337816
36a,14,0,Vlot,2,F_young,F,hip_BMAD,Testosterone,-0.37,0.21740658913657607,0.6875,-1.0575,0.3175,0.3,g/cm^3,0.032499999999999994,0.2675,0.33249999999999996,0.01027740239554723,14.400000000000013,16.3,16.3,10,-0.01,0.17471584072430293,0.5525,1,0.034258007985157435
36a,38,24,Vlot,2,F_young,F,hip_BMAD,Testosterone,-0.37,0.2276839915321233,0.72,-1.0899999999999999,0.35,0.33,g/cm^3,0.034999999999999996,0.29500000000000004,0.365,0.011067971810589326,14.4,18.3,16.3,10,-0.01,0.17471584072430293,0.5525,1.1,0.036893239368631085
37,0,0,Vlot,2,F_young,F,spine_BMAD,GnRHa,-0.05,0.28040555045732013,0.9299999999999999,-0.98,0.8799999999999999,0.23,g/cm^3,0.022499999999999992,0.20750000000000002,0.2525,0.0067840052529996794,14.4,15.1,15.1,11,-0.05,0.28040555045732013,0.9299999999999999,1,0.029495675013042084
37,14,14,Vlot,2,F_young,F,spine_BMAD,GnRHa,-0.84,0.2314099569634336,0.7675000000000001,-1.6075,-0.0724999999999999,0.23,g/cm^3,0.022500000000000006,0.20750000000000002,0.2525,0.006784005252999684,14.400000000000013,16.3,15.1,11,-0.05,0.28040555045732013,0.9299999999999999,1,0.0294956750130421
37a,14,0,Vlot,2,F_young,F,spine_BMAD,Testosterone,-0.84,0.2314099569634336,0.7675000000000001,-1.6075,-0.0724999999999999,0.23,g/cm^3,0.022500000000000006,0.20750000000000002,0.2525,0.006784005252999684,14.4,16.3,16.3,11,-0.05,0.28040555045732013,0.9299999999999999,1,0.0294956750130421
37a,38,24,Vlot,2,F_young,F,spine_BMAD,Testosterone,-0.15,0.17487657985510288,0.58,-0.73,0.42999999999999994,0.25,g/cm^3,0.015000000000000006,0.235,0.265,0.004522670168666456,14.4,18.3,16.3,11,-0.05,0.28040555045732013,0.9299999999999999,1.0869565217391304,0.01966378334202807
42,0,0,Vlot,2,F_old,F,hip_BMAD,GnRHa,0.27,0.14126851552366818,0.6775,-0.4075,0.9475,0.33,g/cm^3,0.035,0.29500000000000004,0.365,0.007298004491997618,14.4,15.1,15.1,23,0.27,0.14126851552366818,0.6775,1,0.02211516512726551
42,14,14,Vlot,2,F_old,F,hip_BMAD,GnRHa,-0.27,0.16681153124565984,0.8,-1.07,0.53,0.3,g/cm^3,0.04499999999999999,0.255,0.345,0.009383148632568363,14.400000000000013,16.3,15.1,23,0.27,0.14126851552366818,0.6775,0.9090909090909091,0.028433783735055645
42a,14,0,Vlot,2,F_old,F,hip_BMAD,Testosterone,-0.27,0.16681153124565984,0.8,-1.07,0.53,0.3,g/cm^3,0.04499999999999999,0.255,0.345,0.009383148632568363,14.4,16.3,16.3,23,0.27,0.14126851552366818,0.6775,1,0.03127716210856121
42a,38,24,Vlot,2,F_old,F,hip_BMAD,Testosterone,0.02,0.179843682124227,0.8625,-0.8425,0.8825000000000001,0.32,g/cm^3,0.04499999999999999,0.275,0.365,0.009383148632568363,14.4,18.3,16.3,23,0.27,0.14126851552366818,0.6775,1.0666666666666667,0.03127716210856121
43,0,0,Vlot,2,F_old,F,spine_BMAD,GnRHa,0.27,0.17723725194851359,0.8500000000000001,-0.5800000000000001,1.12,0.26,g/cm^3,0.019999999999999997,0.24000000000000002,0.28,0.004170288281141495,14.4,15.1,15.1,23,0.27,0.17723725194851359,0.8500000000000001,1,0.016039570312082672
43,14,14,Vlot,2,F_old,F,spine_BMAD,GnRHa,-0.29,0.16576895917537443,0.7949999999999999,-1.085,0.5049999999999999,0.24,g/cm^3,0.020000000000000004,0.21999999999999997,0.26,0.004170288281141497,14.400000000000013,16.3,15.1,23,0.27,0.17723725194851359,0.8500000000000001,0.923076923076923,0.01603957031208268
43a,14,0,Vlot,2,F_old,F,spine_BMAD,Testosterone,-0.29,0.16576895917537443,0.7949999999999999,-1.085,0.5049999999999999,0.24,g/cm^3,0.020000000000000004,0.21999999999999997,0.26,0.004170288281141497,14.4,16.3,16.3,23,0.27,0.17723725194851359,0.8500000000000001,1,0.017376201171422904
43a,38,24,Vlot,2,F_old,F,spine_BMAD,Testosterone,-0.06,0.1756733938430855,0.8425,-0.9025000000000001,0.7825,0.25,g/cm^3,0.0225,0.2275,0.2725,0.0046915743162841824,14.4,18.3,16.3,23,0.27,0.17723725194851359,0.8500000000000001,1.0416666666666667,0.01954822631785076
44,0,0,Vlot,2,M_young,M,hip_BMAD,GnRHa,-0.71,0.2325,0.93,-1.6400000000000001,0.22000000000000008,0.29,g/cm^3,0.0325,0.25749999999999995,0.3225,0.008125,30,13.5,13.5,16,-0.71,0.2325,0.93,1,0.02801724137931035
44,30,30,Vlot,2,M_young,M,hip_BMAD,GnRHa,-1.32,0.225,0.9,-2.22,-0.42000000000000004,0.27,g/cm^3,0.0325,0.23750000000000002,0.3025,0.008125,30,16,13.5,16,-0.71,0.2325,0.93,0.9310344827586208,0.02801724137931035
44a,30,0,Vlot,2,M_young,M,hip_BMAD,Estrogen,-1.32,0.225,0.9,-2.22,-0.42000000000000004,0.27,g/cm^3,0.0325,0.23750000000000002,0.3025,0.008125,30,16,16,16,-0.71,0.2325,0.93,1,0.03009259259259259
44a,54,24,Vlot,2,M_young,M,hip_BMAD,Estrogen,-1.3,0.276875,1.1075,-2.4074999999999998,-0.19250000000000012,0.27,g/cm^3,0.039999999999999994,0.23000000000000004,0.31,0.009999999999999998,30,18,16,16,-0.71,0.2325,0.93,1,0.03703703703703703
45,0,0,Vlot,2,M_young,M,spine_BMAD,GnRHa,-0.2,0.19364916731037085,0.75,-0.95,0.55,0.21,g/cm^3,0.019999999999999997,0.19,0.22999999999999998,0.005163977794943222,30,13.5,13.5,15,-0.2,0.19364916731037085,0.75,1,0.024590370452110582
45,30,30,Vlot,2,M_young,M,spine_BMAD,GnRHa,-1.52,0.17944822837427696,0.695,-2.215,-0.8250000000000001,0.2,g/cm^3,0.015,0.185,0.21500000000000002,0.0038729833462074164,30,16,13.5,15,-0.2,0.19364916731037085,0.75,0.9523809523809524,0.018442777839082936
45a,30,0,Vlot,2,M_young,M,spine_BMAD,Estrogen,-1.52,0.17944822837427696,0.695,-2.215,-0.8250000000000001,0.2,g/cm^3,0.015,0.185,0.21500000000000002,0.0038729833462074164,30,16,16,15,-0.2,0.19364916731037085,0.75,1,0.01936491673103708
45a,54,24,Vlot,2,M_young,M,spine_BMAD,Estrogen,-1.1,0.20204063122715357,0.7825,-1.8825,-0.3175000000000001,0.22,g/cm^3,0.020000000000000004,0.2,0.24,0.005163977794943223,30,18,16,15,-0.2,0.19364916731037085,0.75,1.0999999999999999,0.025819888974716116
46,0,0,Vlot,2,M_old,M,hip_BMAD,GnRHa,-0.44,0.23474276701672128,0.5750000000000001,-1.0150000000000001,0.13500000000000006,0.3,g/cm^3,0.024999999999999994,0.275,0.32499999999999996,0.010206207261596574,30,13.5,13.5,6,-0.44,0.23474276701672128,0.5750000000000001,1,0.034020690871988585
46,30,30,Vlot,2,M_old,M,hip_BMAD,GnRHa,-0.36,0.2000416623272929,0.49,-0.85,0.13,0.3,g/cm^3,0.020000000000000004,0.27999999999999997,0.32,0.008164965809277263,30,16,13.5,6,-0.44,0.23474276701672128,0.5750000000000001,1,0.02721655269759088
46a,30,0,Vlot,2,M_old,M,hip_BMAD,Estrogen,-0.36,0.2000416623272929,0.49,-0.85,0.13,0.3,g/cm^3,0.020000000000000004,0.27999999999999997,0.32,0.008164965809277263,30,16,16,6,-0.44,0.23474276701672128,0.5750000000000001,1,0.02721655269759088
46a,54,24,Vlot,2,M_old,M,hip_BMAD,Estrogen,-0.56,0.35313477125124154,0.865,-1.425,0.30499999999999994,0.29,g/cm^3,0.035,0.255,0.32499999999999996,0.014288690166235208,30,18,16,6,-0.44,0.23474276701672128,0.5750000000000001,0.9666666666666667,0.047628967220784024
47,0,0,Vlot,2,M_old,M,spine_BMAD,GnRHa,-1.18,0.3208757547712198,0.7175,-1.8975,-0.4624999999999999,0.22,g/cm^3,0.0175,0.2025,0.2375,0.007826237921249264,30,13.5,13.5,5,-1.18,0.3208757547712198,0.7175,1,0.0355738087329512
47,30,30,Vlot,2,M_old,M,spine_BMAD,GnRHa,-1.15,0.2560297834237259,0.5725,-1.7225,-0.5774999999999999,0.22,g/cm^3,0.012499999999999997,0.20750000000000002,0.23249999999999998,0.0055901699437494725,30,16,13.5,5,-1.18,0.3208757547712198,0.7175,1,0.02540986338067942
47a,30,0,Vlot,2,M_old,M,spine_BMAD,Estrogen,-1.15,0.2560297834237259,0.5725,-1.7225,-0.5774999999999999,0.22,g/cm^3,0.012499999999999997,0.20750000000000002,0.23249999999999998,0.0055901699437494725,30,16,16,5,-1.18,0.3208757547712198,0.7175,1,0.02540986338067942
47a,54,24,Vlot,2,M_old,M,spine_BMAD,Estrogen,-0.66,0.24596747752497689,0.55,-1.21,-0.10999999999999999,0.23,g/cm^3,0.012500000000000004,0.2175,0.24250000000000002,0.005590169943749476,30,18,16,5,-1.18,0.3208757547712198,0.7175,1.0454545454545454,0.025409863380679437
